Entity,Code,Year,Cereal Production in Tonnes,Average Cereal Production per week
United States,USA,2016,503466140.0,9682041.153846154
United States,USA,2017,440271780.0,8466765.0
United States,USA,2018,439710820.0,8455977.307692308
United States,USA,2019,420874100.0,8093732.692307692
United States,USA,2020,433259140.0,8331906.538461538
United States,USA,2021,451637220.0,8685331.153846154
United States,USA,2022,410940930.0,7902710.192307692
